; € 24,0 ;;24;;;;;;;;;v20250409;;;;;;;;;;;;;;;;;;;;;;;;;;;;;;;;;;;;;;;;;;;;;;;;;;;;;;
; € 40,1 ;;;;;;;;;;;;;;;;;;;;;;;;;;;;;;;;;;;;;;;;;;;;;;;;;;;;;;;;;;;;;;;;;
Uitgangspunten; € 49,1 ;;Toelichting:;;;;;;;;;;;;;;;;;;;;;;;;;;;;;;;;;;;;;;;;;;;;;;;;;;;;;;;;;;;;;;;
Totaal leenbedrag; € 24,0 ;;"x mio; WOZ 2025= 49.127; 1/2x = 24.564 +2% overdrachtsbel.= 25.055.770";;;;;;;;;;;;;;;;;;;;;;;;;;;;;;;;;;;;;;;;;;;;;;;;;;;;;;;;;;;;;;;
Werkkapitaal; € -   ;;x1000;;;;;;;;;;;;;;;;;;;;;;;;;;;;;;;;;;;;;;;;;;;;;;;;;;;;;;;;;;;;;;;
Taxatie onder WOZ; € 1 ;;x mio x2;;;;;;;;;;;;;;;;;;;;;;;;;;;;;;;;;;;;;;;;;;;;;;;;;;;;;;;;;;;;;;;
Interest;5,0%;;Actueel 4,8% maar Rabo geeft aan: reken met 5%;;;;;;;;;;;;;;;;;;;;;;;;;;;;;;;;;;;;;;;;;;;;;;;;;;;;;;;;;;;;;;;
Huurstijging;2,5%;;Zoals de Rabo het graag wil: zelfde als kostenstijging/ inflatie;;;;;;;;;;;;;;;;;;;;;;;;;;;;;;;;;;;;;;;;;;;;;;;;;;;;;;;;;;;;;;;
Kostenstijging;2,5%;;"Gemiddeld over de afgelopen 40 jaar 3,5-4,0%; laatste 20 jaar 2,5-3,0%";;;;;;;;;;;;;;;;;;;;;;;;;;;;;;;;;;;;;;;;;;;;;;;;;;;;;;;;;;;;;;;
Onderhoud groei;3,0%;;Groeivoet van kosten onderhoud 2007-2025 was trendmatig gemiddeld 2,5%;;;;;;;;;;;;;;;;;;;;;;;;;;;;;;;;;;;;;;;;;;;;;;;;;;;;;;;;;;;;;;;
Aflossingstermijn;50;;"Annuïtair; risico 'renteaftrekbeperking onzakelijke leningen' (>30 jaar) lijkt irrelevant";;;;;;;;;;;;;;;;;;;;;;;;;;;;;;;;;;;;;;;;;;;;;;;;;;;;;;;;;;;;;;;
VPB;nee;;Diverse bronnen vermelden dat een artikel 18a wooncoöperatie geen onderneming drijft.;;;;;;;;;;;;;;;;;;;;;;;;;;;;;;;;;;;;;;;;;;;;;;;;;;;;;;;;;;;;;;;
Aflossing #jaren;39;;Uitkomst: duur totdat het hele dorp afgelost kan zijn.;;;;;;;;;;;;;;;;;;;;;;;;;;;;;;;;;;;;;;;;;;;;;;;;;;;;;;;;;;;;;;;
;;;Prognose Wooncoöperatie Sidhadorp: 2026-35;;;;;;;;;;;Prognose 2036-45;;;;;;;;;;;Prognose: 2046-55;;;;;;;;;;;;;Prognose: 2056-65;;;;;;;;;;;;;Prognose: 2066-75;;;;;;;;;;;;;;;
;SHW;;;;;;;;;;;;;;;;;;;;;;;;;;;;;;;;;;;;;;;;;;;;;;;;;;;;;;;;;;;;;;;;;
;2025;;2026;2027;2028;2029;2030;2031;2032;2033;2034;2035;;2036;2037;2038;2039;2040;2041;2042;2043;2044;2045;;2046;2047;2048;2049;2050;2051;2052;2053;2054;2055;;Totaal;;2056;2057;2058;2059;2060;2061;2062;2063;2064;2065;;Totaal;;2066;2067;2068;2069;2070;2071;2072;2073;2074;2075;;TOTAAL;;;;
;;;1;2;3;4;5;6;7;8;9;10;;11;12;13;14;15;16;17;18;19;20;;21;22;23;24;25;26;27;28;29;30;;;;31;32;33;34;35;36;37;38;39;40;;;;41;42;43;44;45;46;47;48;49;50;;;;;;
;;;;;;;;;;;;;;;;;;;;;;;;;;;;;;;;;;;;;;;;;;;;;;;;;;;;;;;;;;;;;;;;;;
Huur; 1.658 ;; 1.699 ; 1.741 ; 1.785 ; 1.830 ; 1.875 ; 1.922 ; 1.970 ; 2.020 ; 2.070 ; 2.122 ;; 2.175 ; 2.229 ; 2.285 ; 2.342 ; 2.401 ; 2.461 ; 2.522 ; 2.585 ; 2.650 ; 2.716 ;; 2.784 ; 2.854 ; 2.925 ; 2.998 ; 3.073 ; 3.150 ; 3.228 ; 3.309 ; 3.392 ; 3.477 ;; 74.588 ;; 3.564 ; 3.653 ; 3.744 ; 3.838 ; 3.934 ; 4.032 ; 4.133 ; 4.236 ; 4.342 ; 4.450 ;; 114.513 ;; 4.562 ; 4.676 ; 4.793 ; 4.913 ; 5.035 ; 5.161 ; 5.290 ; 5.422 ; 5.558 ; 5.697 ;; 165.620 ;;;;
;;;;;;;;;;;;;;;;;;;;;;;;;;;;;;;;;;;;;;;;;;;;;;;;;;;;;;;;;;;;;;;;50;40;30
Onderhoud; 419 ;; 73 ; 75 ; 78 ; 80 ; 82 ; 416 ; 428 ; 441 ; 454 ; 468 ;; 482 ; 496 ; 511 ; 526 ; 542 ; 558 ; 575 ; 592 ; 610 ; 629 ;; 647 ; 667 ; 687 ; 707 ; 729 ; 750 ; 773 ; 796 ; 820 ; 845 ;; 15.538 ;; 870 ; 896 ; 923 ; 951 ; 979 ; 1.009 ; 1.039 ; 1.070 ; 1.102 ; 1.135 ;; 25.512 ;; 1.169 ; 1.204 ; 1.240 ; 1.278 ; 1.316 ; 1.355 ; 1.396 ; 1.438 ; 1.481 ; 1.526 ;; 38.916 ;; 68.428 ; 25.512 ; 15.538 
Personeel; 152 ;; 186 ; 190 ; 195 ; 200 ; 205 ; 210 ; 215 ; 221 ; 226 ; 232 ;; 237 ; 243 ; 250 ; 256 ; 262 ; 269 ; 275 ; 282 ; 289 ; 297 ;; 304 ; 312 ; 319 ; 327 ; 336 ; 344 ; 353 ; 361 ; 370 ; 380 ;; 8.145 ;; 389 ; 399 ; 409 ; 419 ; 430 ; 440 ; 451 ; 463 ; 474 ; 486 ;; 12.505 ;; 498 ; 511 ; 523 ; 536 ; 550 ; 564 ; 578 ; 592 ; 607 ; 622 ;; 18.086 ;;;;
Huisvesting; 95 ;; 97 ; 100 ; 102 ; 105 ; 107 ; 110 ; 113 ; 116 ; 119 ; 122 ;; 125 ; 128 ; 131 ; 134 ; 138 ; 141 ; 145 ; 148 ; 152 ; 156 ;; 160 ; 164 ; 168 ; 172 ; 176 ; 181 ; 185 ; 190 ; 194 ; 199 ;; 4.275 ;; 204 ; 209 ; 215 ; 220 ; 225 ; 231 ; 237 ; 243 ; 249 ; 255 ;; 6.563 ;; 261 ; 268 ; 275 ; 282 ; 289 ; 296 ; 303 ; 311 ; 319 ; 327 ;; 9.493 ;; 75.072 ; 39.328 ; 29.346 
Kantoor; 2 ;; 2 ; 2 ; 2 ; 2 ; 2 ; 2 ; 2 ; 2 ; 2 ; 3 ;; 3 ; 3 ; 3 ; 3 ; 3 ; 3 ; 3 ; 3 ; 3 ; 3 ;; 3 ; 3 ; 4 ; 4 ; 4 ; 4 ; 4 ; 4 ; 4 ; 4 ;; 90 ;; 4 ; 4 ; 5 ; 5 ; 5 ; 5 ; 5 ; 5 ; 5 ; 5 ;; 138 ;; 6 ; 6 ; 6 ; 6 ; 6 ; 6 ; 6 ; 7 ; 7 ; 7 ;; 200 ;;;;
Representatie; 21 ;; 11 ; 12 ; 12 ; 12 ; 12 ; 13 ; 13 ; 13 ; 14 ; 14 ;; 14 ; 15 ; 15 ; 16 ; 16 ; 16 ; 17 ; 17 ; 18 ; 18 ;; 18 ; 19 ; 19 ; 20 ; 20 ; 21 ; 21 ; 22 ; 23 ; 23 ;; 495 ;; 24 ; 24 ; 25 ; 25 ; 26 ; 27 ; 27 ; 28 ; 29 ; 30 ;; 760 ;; 30 ; 31 ; 32 ; 33 ; 33 ; 34 ; 35 ; 36 ; 37 ; 38 ;; 1.099 ;;91%;65%;53%
Algemene kosten; 317 ;; 66 ; 67 ; 69 ; 71 ; 72 ; 74 ; 76 ; 78 ; 80 ; 82 ;; 84 ; 86 ; 88 ; 90 ; 93 ; 95 ; 97 ; 100 ; 102 ; 105 ;; 107 ; 110 ; 113 ; 116 ; 119 ; 122 ; 125 ; 128 ; 131 ; 134 ;; 2.880 ;; 138 ; 141 ; 145 ; 148 ; 152 ; 156 ; 160 ; 164 ; 168 ; 172 ;; 4.422 ;; 176 ; 181 ; 185 ; 190 ; 194 ; 199 ; 204 ; 209 ; 215 ; 220 ;; 6.395 ;;;;
Afschrijvingen; 9 ;; 9 ; 9 ; 10 ; 10 ; 10 ; 10 ; 11 ; 11 ; 11 ; 12 ;; 12 ; 12 ; 12 ; 13 ; 13 ; 13 ; 14 ; 14 ; 14 ; 15 ;; 15 ; 15 ; 16 ; 16 ; 17 ; 17 ; 18 ; 18 ; 18 ; 19 ;; 405 ;; 19 ; 20 ; 20 ; 21 ; 21 ; 22 ; 22 ; 23 ; 24 ; 24 ;; 622 ;; 25 ; 25 ; 26 ; 27 ; 27 ; 28 ; 29 ; 29 ; 30 ; 31 ;; 899 ;;;;
Inflatie;;; 11 ; 21 ; 32 ; 42 ; 53 ; 71 ; 88 ; 106 ; 123 ; 141 ;; 158 ; 176 ; 193 ; 211 ; 228 ; 246 ; 263 ; 281 ; 298 ; 316 ;; 333 ; 351 ; 368 ; 386 ; 404 ; 421 ; 439 ; 456 ; 474 ; 491 ;; 7.180 ;; 509 ; 526 ; 544 ; 561 ; 579 ; 596 ; 614 ; 631 ; 649 ; 666 ;; 13.055 ;; 684 ; 701 ; 719 ; 736 ; 754 ; 772 ; 789 ; 807 ; 824 ; 842 ;; 20.682 ;;;;
Totaal vaste kosten; 1.015 ;; 444 ; 456 ; 467 ; 479 ; 492 ; 835 ; 858 ; 882 ; 906 ; 931 ;; 957 ; 983 ; 1.010 ; 1.038 ; 1.066 ; 1.096 ; 1.126 ; 1.157 ; 1.189 ; 1.222 ;; 1.255 ; 1.290 ; 1.326 ; 1.362 ; 1.400 ; 1.438 ; 1.478 ; 1.519 ; 1.561 ; 1.604 ;; 31.828 ;; 1.648 ; 1.694 ; 1.741 ; 1.789 ; 1.838 ; 1.889 ; 1.941 ; 1.995 ; 2.050 ; 2.107 ;; 50.522 ;; 2.166 ; 2.226 ; 2.287 ; 2.351 ; 2.416 ; 2.483 ; 2.552 ; 2.622 ; 2.695 ; 2.770 ;; 75.088 ;;;;
;;;;;;;;;;;;;;;;;;;;;;;;;;;;;;;;;;;;;;;;;;;;;;;;;;;;;;;;;;;;;;;;;;
Rente; 124 ;; 1.202 ; 1.202 ; 1.202 ; 1.202 ; 1.202 ; 1.202 ; 1.202 ; 1.202 ; 1.202 ; 1.202 ;; 1.202 ; 1.202 ; 1.202 ; 1.202 ; 1.202 ; 1.202 ; 1.202 ; 1.202 ; 1.189 ; 1.177 ;; 1.164 ; 1.139 ; 1.102 ; 1.064 ; 1.039 ; 1.002 ; 964 ; 927 ; 889 ; 839 ;; 34.127 ;; 789 ; 702 ; 652 ; 564 ; 477 ; 389 ; 302 ; 177 ; 52 ; -4 ;; 38.226 ;; -   ; -   ; -   ; -   ; -   ; -   ; -   ; -   ; -   ; -   ;; 38.226 ;;;;
;;;;;;;;;;;;;;;;;;;;;;;;;;;;;;;;;;;;;;;;;;;;;;;;;;;;;;;;;;;;;;;;;;
Resultaat voor vpb; 519 ;; 53 ; 84 ; 116 ; 148 ; 182 ; -115 ; -90 ; -64 ; -38 ; -11 ;; 16 ; 44 ; 73 ; 102 ; 132 ; 163 ; 194 ; 226 ; 272 ; 318 ;; 364 ; 424 ; 498 ; 572 ; 634 ; 710 ; 786 ; 864 ; 942 ; 1.033 ;; 8.633 ;; 1.126 ; 1.257 ; 1.352 ; 1.485 ; 1.619 ; 1.754 ; 1.890 ; 2.064 ; 2.240 ; 2.348 ;; 25.765 ;; 2.396 ; 2.450 ; 2.506 ; 2.562 ; 2.620 ; 2.679 ; 2.739 ; 2.800 ; 2.863 ; 2.927 ;; 52.306 ;;;;
;;;;;;;;;;;;;;;;;;;;;;;;;;;;;;;;;;;;;;;;;;;;;;;;;;;;;;;;;;;;;;;;;;
Belastingen; 60 ;; -   ; -   ; -   ; -   ; -   ; -   ; -   ; -   ; -   ; -   ;; -   ; -   ; -   ; -   ; -   ; -   ; -   ; -   ; -   ; -   ;; -   ; -   ; -   ; -   ; -   ; -   ; -   ; -   ; -   ; -   ;; -   ;; -   ; -   ; -   ; -   ; -   ; -   ; -   ; -   ; -   ; -   ;; -   ;; -   ; -   ; -   ; -   ; -   ; -   ; -   ; -   ; -   ; -   ;; -   ;;;;
;;;;;;;;;;;;;;;;;;;;;;;;;;;;;;;;;;;;;;;;;;;;;;;;;;;;;;;;;;;;;;;;;;
Resultaat na vpb; 459 ;; 53 ; 84 ; 116 ; 148 ; 182 ; -115 ; -90 ; -64 ; -38 ; -11 ;; 16 ; 44 ; 73 ; 102 ; 132 ; 163 ; 194 ; 226 ; 272 ; 318 ;; 364 ; 424 ; 498 ; 572 ; 634 ; 710 ; 786 ; 864 ; 942 ; 1.033 ;; 8.633 ;; 1.126 ; 1.257 ; 1.352 ; 1.485 ; 1.619 ; 1.754 ; 1.890 ; 2.064 ; 2.240 ; 2.348 ;; 25.765 ;; 2.396 ; 2.450 ; 2.506 ; 2.562 ; 2.620 ; 2.679 ; 2.739 ; 2.800 ; 2.863 ; 2.927 ;; 52.306 ;;;;
;;;;;;;;;;;;;;;;;;;;;;;;;;;;;;;;;;;;;;;;;;;;;;;;;;;;;;;;;;;;;;;;;;
Cash flow; 459 ;; 62 ; 94 ; 126 ; 159 ; 193 ; -103 ; -78 ; -52 ; -25 ; 2 ;; 31 ; 59 ; 88 ; 118 ; 149 ; 180 ; 212 ; 245 ; 291 ; 337 ;; 385 ; 446 ; 520 ; 594 ; 657 ; 734 ; 811 ; 889 ; 968 ; 1.061 ;; 9.155 ;; 1.154 ; 1.286 ; 1.381 ; 1.515 ; 1.650 ; 1.785 ; 1.922 ; 2.098 ; 2.274 ; 2.383 ;; 26.603 ;; 2.432 ; 2.487 ; 2.543 ; 2.601 ; 2.659 ; 2.719 ; 2.780 ; 2.843 ; 2.906 ; 2.972 ;; 53.547 ;;;;
;;;;;;;;;;;;;;;;;;;;;;;;;;;;;;;;;;;;;;;;;;;;;;;;;;;;;;;;;;;;;;;;;;
;;;;;;;;;;;;;;;;;;;;;;;;;;;;;;;;;;;;;;;;;;;;;;;;;;;;;;;;;;;;;;;;;;
Lening Rabo begin;;; 24.035 ; 24.035 ; 24.035 ; 24.035 ; 24.035 ; 24.035 ; 24.035 ; 24.035 ; 24.035 ; 24.035 ;; 24.035 ; 24.035 ; 24.035 ; 24.035 ; 24.035 ; 23.785 ; 23.535 ; 23.535 ; 23.285 ; 23.035 ;; 22.785 ; 22.535 ; 22.035 ; 21.535 ; 20.785 ; 20.285 ; 19.535 ; 18.785 ; 18.035 ; 17.035 ;;;; 16.035 ; 15.035 ; 13.535 ; 12.535 ; 10.785 ; 9.035 ; 7.285 ; 5.535 ; 3.785 ; 1.285 ;;;; -   ; -   ; -   ; -   ; -   ; -   ; -   ; -   ; -   ; -   ;;;;;;
Aflossing;;; -   ; -   ; -   ; -   ; -   ; -   ; -   ; -   ; -   ; -   ;; -   ; -   ; -   ; -   ; 250 ; 250 ; -   ; 250 ; 250 ; 250 ;; 250 ; 500 ; 500 ; 750 ; 500 ; 750 ; 750 ; 750 ; 1.000 ; 1.000 ;; 8.000 ;; 1.000 ; 1.500 ; 1.000 ; 1.750 ; 1.750 ; 1.750 ; 1.750 ; 1.750 ; 2.500 ; 1.285 ;; 24.035 ;; -   ; -   ; -   ; -   ; -   ; -   ; -   ; -   ; -   ; -   ;; 24.035 ;;;;
Lening Rabo eind;;; 24.035 ; 24.035 ; 24.035 ; 24.035 ; 24.035 ; 24.035 ; 24.035 ; 24.035 ; 24.035 ; 24.035 ;; 24.035 ; 24.035 ; 24.035 ; 24.035 ; 23.785 ; 23.535 ; 23.535 ; 23.285 ; 23.035 ; 22.785 ;; 22.535 ; 22.035 ; 21.535 ; 20.785 ; 20.285 ; 19.535 ; 18.785 ; 18.035 ; 17.035 ; 16.035 ;;;; 15.035 ; 13.535 ; 12.535 ; 10.785 ; 9.035 ; 7.285 ; 5.535 ; 3.785 ; 1.285 ; -   ;;;; -   ; -   ; -   ; -   ; -   ; -   ; -   ; -   ; -   ; -   ;;;;;;
;;;;;;;;;;;;;;;;;;;;;;;;;;;;;;;;;;;;;;;;;;;;;;;;;;;;;;;;;;;;;;;;;;
Bank saldo;;; 62 ; 156 ; 283 ; 442 ; 635 ; 531 ; 454 ; 402 ; 377 ; 379 ;; 410 ; 469 ; 557 ; 676 ; 575 ; 505 ; 717 ; 712 ; 753 ; 840 ;; 975 ; 921 ; 940 ; 784 ; 942 ; 925 ; 986 ; 1.126 ; 1.094 ; 1.155 ;;;; 1.309 ; 1.095 ; 1.476 ; 1.241 ; 1.140 ; 1.176 ; 1.348 ; 1.696 ; 1.470 ; 2.568 ;;;; 5.001 ; 7.488 ; 10.032 ; 12.632 ; 15.292 ; 18.011 ; 20.791 ; 23.634 ; 26.540 ; 29.512 ;; 29.512 ;;;;
;;;;;;;;;;;;;;;;;;;;;;;;;;;;;;;;;;;; 633 ;;;;;;;;;;;;; 1.730 ;;;;;;;;;;;;; 29.512 ;;;;
;;;;;;;;;;;;;;;;;;;;;;;;;;;;;;;;;;;; -522 ;;;;;;;;;;;;; 1.730 ;;;;;;;;;;;;;;;;;
VPB- compensabel verlies;;; -   ; -   ; -   ; -   ; -   ; 115 ; 205 ; 269 ; 307 ; 318 ;; 301 ; 257 ; 184 ; 82 ; -   ; -   ; -   ; -   ; -   ; -   ;; -   ; -   ; -   ; -   ; -   ; -   ; -   ; -   ; -   ; -   ;;;; -   ; -   ; -   ; -   ; -   ; -   ; -   ; -   ; -   ; -   ;;;; -   ; -   ; -   ; -   ; -   ; -   ; -   ; -   ; -   ; -   ;;;;;;
;;;;;;;;;;;;;;;;;;;;;;;;;;;;;;;;;;;;;;;;;;;;;;;;;;;;;;;;;;;;;;;;;;
;;; 1 ; 2 ; 3 ; 4 ; 5 ; 6 ; 7 ; 8 ; 9 ; 10 ; 10 ; 11 ; 12 ; 13 ; 14 ; 15 ; 16 ; 17 ; 18 ; 19 ; 20 ;; 21 ; 22 ; 23 ; 24 ; 25 ; 26 ; 27 ; 28 ; 29 ; 30 ;;;; 31 ; 32 ; 33 ; 34 ; 35 ; 36 ; 37 ; 38 ; 39 ;  ;;;;  ;  ;  ;  ;  ;  ;  ;  ;  ;  ;;;;;;
Aflossing jaren;;;1;1;1;1;1;1;1;1;1;1;;1;1;1;1;1;1;1;1;1;1;;1;1;1;1;1;1;1;1;1;1;;;;1;1;1;1;1;1;1;1;1;0;;;;0;0;0;0;0;0;0;0;0;0;;39;;;;
Annuïtaire aflossing;;; 111 ; 116 ; 122 ; 128 ; 135 ; 142 ; 149 ; 157 ; 165 ; 173 ;; 182 ; 191 ; 201 ; 212 ; 222 ; 234 ; 246 ; 258 ; 271 ; 285 ;; 300 ; 315 ; 331 ; 348 ; 366 ; 385 ; 405 ; 425 ; 447 ; 470 ;; 7.496 ;; 494 ; 519 ; 546 ; 574 ; 603 ; 634 ; 667 ; 701 ; 736 ; 774 ;; 13.744 ;; 814 ; 855 ; 899 ; 945 ; 994 ; 1.044 ; 1.098 ; 1.154 ; 1.213 ; 1.275 ;; 24.035 ;;;;
Annuïteit afl. cum;;; 111 ; 227 ; 349 ; 477 ; 612 ; 754 ; 904 ; 1.060 ; 1.225 ; 1.399 ;; 1.581 ; 1.772 ; 1.973 ; 2.185 ; 2.407 ; 2.641 ; 2.887 ; 3.145 ; 3.417 ; 3.702 ;; 4.002 ; 4.317 ; 4.649 ; 4.997 ; 5.363 ; 5.748 ; 6.153 ; 6.578 ; 7.026 ; 7.496 ;;;; 7.990 ; 8.509 ; 9.055 ; 9.629 ; 10.232 ; 10.866 ; 11.533 ; 12.233 ; 12.970 ; 13.744 ;;;; 14.558 ; 15.413 ; 16.312 ; 17.257 ; 18.251 ; 19.295 ; 20.393 ; 21.547 ; 22.760 ; 24.035 ;;;;;;
Feitelijke afl. cum;;; -   ; -   ; -   ; -   ; -   ; -   ; -   ; -   ; -   ; -   ;; -   ; -   ; -   ; -   ; 250 ; 500 ; 500 ; 750 ; 1.000 ; 1.250 ;; 1.500 ; 2.000 ; 2.500 ; 3.250 ; 3.750 ; 4.500 ; 5.250 ; 6.000 ; 7.000 ; 8.000 ;;;; 9.000 ; 10.500 ; 11.500 ; 13.250 ; 15.000 ; 16.750 ; 18.500 ; 20.250 ; 22.750 ; 24.035 ;;;; 24.035 ; 24.035 ; 24.035 ; 24.035 ; 24.035 ; 24.035 ; 24.035 ; 24.035 ; 24.035 ; 24.035 ;;;;;;
Aflossing achterstand;;; 111 ; 227 ; 349 ; 477 ; 612 ; 754 ; 904 ; 1.060 ; 1.225 ; 1.399 ;; 1.581 ; 1.772 ; 1.973 ; 2.185 ; 2.157 ; 2.141 ; 2.387 ; 2.395 ; 2.417 ; 2.452 ;; 2.502 ; 2.317 ; 2.149 ; 1.747 ; 1.613 ; 1.248 ; 903 ; 578 ; 26 ; -504 ;;;; -1.010 ; -1.991 ; -2.445 ; -3.621 ; -4.768 ; -5.884 ; -6.967 ; -8.017 ; -9.780 ; -10.291 ;;;; -9.477 ; -8.622 ; -7.723 ; -6.778 ; -5.784 ; -4.740 ; -3.642 ; -2.488 ; -1.275 ; -   ;;;;;;
;;;;;;;;;;;;;;;;;;;;;;;;;;;;;;;;;;;;;;;;;;;;;;;;;;;;;;;;;;;;;;;;;;
Cum inflatie;;;102,5%;105,1%;107,7%;110,4%;113,1%;116,0%;118,9%;121,8%;124,9%;128,0%;;131,2%;134,5%;137,9%;141,3%;144,8%;148,5%;152,2%;156,0%;159,9%;163,9%;;168,0%;172,2%;176,5%;180,9%;185,4%;190,0%;194,8%;199,6%;204,6%;209,8%;;;;215,0%;220,4%;225,9%;231,5%;237,3%;243,3%;249,3%;255,6%;262,0%;268,5%;;;;275,2%;282,1%;289,2%;296,4%;303,8%;311,4%;319,2%;327,1%;335,3%;343,7%;;;;;;
Inflatie+groei onderhoud;;1;103,0%;106,1%;109,3%;112,6%;115,9%;119,4%;123,0%;126,7%;130,5%;134,4%;;138,4%;142,6%;146,9%;151,3%;155,8%;160,5%;165,3%;170,2%;175,4%;180,6%;;186,0%;191,6%;197,4%;203,3%;209,4%;215,7%;222,1%;228,8%;235,7%;242,7%;;;;250,0%;257,5%;265,2%;273,2%;281,4%;289,8%;298,5%;307,5%;316,7%;326,2%;;;;336,0%;346,1%;356,5%;367,1%;378,2%;389,5%;401,2%;413,2%;425,6%;438,4%;;;;;;
;;;;;;;;;;;;;;;;;;;;;;;;;;;;;;;;;;;;;;;;;;;;;;;;;;;;;;;;;;;;;;;;;;
MJOP SHW;1218,578707;;1243,157768;1183,553268;1304,102867;658,4212638;349,0325685;360,0470668;208,9446441;229,5277355;323,0035893;224,2105983;;343,3416288;552,7016304;354,2682495;436,7638998;615,3696564;507,861316;564,5657771;572,4407117;339,8289551;1527,210753;;2282,374119;373,8178636;564,0627141;3190,951137;2771,061834;985,1270168;3428,32503;2160,535473;809,5791969;881,4011023;; 29.346 ;;499,7138617;588,053869;1614,946838;536,2240531;930,659911;1219,083059;979,3413439;1052,025764;1306,53576;1255,659247;; 39.328 ;;1250,531534;1215,555522;2511,401378;2357,757091;5639,756757;829,2612417;2729,268111;7359,121021;8276,747481;3575;; 75.072 ;;;;
;;;;;;;;;;;;;;;;;;;;;;;;;;;;;;;;;;;;;;;;;;;;;;;;;;;;;;;;;;;;;;;;;;
;;;;;;;;;;;;;;;;;;;;;;;;;;;;;;;;;;;;;;;;;;;;;;;;;;;;;;;;;;;;;;;;;;
;3,50%;100;103,5;107,1225;110,8717875;114,7523001;118,7686306;122,9255326;127,2279263;131,6809037;136,2897353;141,0598761;;145,9969717;151,1068657;156,395606;161,8694522;167,5348831;173,398604;179,4675551;185,7489196;192,2501317;198,9788863;;205,9431474;213,1511575;220,611448;228,3328487;236,3244984;244,5958559;253,1567108;262,0171957;271,1877976;280,6793705;;;;290,5031484;300,6707586;311,1942352;322,0860334;333,3590446;345,0266111;357,1025425;369,6011315;382,5371711;395,9259721;;;;;;;;;;;;;;;;;;;
;;;;;;;;;;;;;;;;;;;;;;;;;;;;;;;;;;;;;;;;;;;;;;;;;;;;;;;;;;;;;;;;;;
;;;;;;;;;;;;;;;;;;;;;;;;;;;;;;;;;;;;;;;;;;;;;;;;;;;;;;;;;;;;127,5%;;;;;;
Prognose Balansen;;;;;;;;;;;;;;;;;;;;;;;;;;;;;;;;;;;;;;;;;;;;;;;;;;;;;;;;;;;;;;;;;;
;;;;;;;;;;;;;;;;;;;;;;;;;;;;;;;;;;;;;;;;;;;;;;;;;;;;;;;;;;;;;;;;;;
Onroerend goed;;; 49.127 ; 49.127 ; 49.127 ; 49.127 ; 49.127 ; 49.127 ; 49.127 ; 49.127 ; 49.127 ; 49.127 ;; 49.127 ; 49.127 ; 49.127 ; 49.127 ; 49.127 ; 49.127 ; 49.127 ; 49.127 ; 49.127 ; 49.127 ;; 49.127 ; 49.127 ; 49.127 ; 49.127 ; 49.127 ; 49.127 ; 49.127 ; 49.127 ; 49.127 ; 49.127 ;;;; 49.127 ; 49.127 ; 49.127 ; 49.127 ; 49.127 ; 49.127 ; 49.127 ; 49.127 ; 49.127 ; 49.127 ;;;; 49.127 ; 49.127 ; 49.127 ; 49.127 ; 49.127 ; 49.127 ; 49.127 ; 49.127 ; 49.127 ; 49.127 ;;;;;;
Bank;;; 62 ; 156 ; 283 ; 442 ; 635 ; 531 ; 454 ; 402 ; 377 ; 379 ;; 410 ; 469 ; 557 ; 676 ; 575 ; 505 ; 717 ; 712 ; 753 ; 840 ;; 975 ; 921 ; 940 ; 784 ; 942 ; 925 ; 986 ; 1.126 ; 1.094 ; 1.155 ;;;; 1.309 ; 1.095 ; 1.476 ; 1.241 ; 1.140 ; 1.176 ; 1.348 ; 1.696 ; 1.470 ; 2.568 ;;;; 5.001 ; 7.488 ; 10.032 ; 12.632 ; 15.292 ; 18.011 ; 20.791 ; 23.634 ; 26.540 ; 29.512 ;;;;;;
;;; 49.189 ; 49.283 ; 49.410 ; 49.569 ; 49.762 ; 49.658 ; 49.581 ; 49.529 ; 49.504 ; 49.506 ;; 49.537 ; 49.596 ; 49.684 ; 49.803 ; 49.702 ; 49.632 ; 49.844 ; 49.839 ; 49.880 ; 49.967 ;; 50.102 ; 50.048 ; 50.067 ; 49.911 ; 50.069 ; 50.052 ; 50.113 ; 50.253 ; 50.221 ; 50.282 ;;;; 50.436 ; 50.222 ; 50.603 ; 50.368 ; 50.267 ; 50.303 ; 50.475 ; 50.823 ; 50.597 ; 51.695 ;;;; 54.128 ; 56.615 ; 59.159 ; 61.759 ; 64.419 ; 67.138 ; 69.918 ; 72.761 ; 75.667 ; 78.639 ;;;;;;
;;;;;;;;;;;;;;;;;;;;;;;;;;;;;;;;;;;;;;;;;;;;;;;;;;;;;;;;;;;;;;;;;;
EV;;; 25.155 ; 25.249 ; 25.375 ; 25.534 ; 25.727 ; 25.624 ; 25.546 ; 25.494 ; 25.469 ; 25.471 ;; 25.502 ; 25.561 ; 25.649 ; 25.768 ; 25.917 ; 26.097 ; 26.309 ; 26.554 ; 26.845 ; 27.182 ;; 27.567 ; 28.013 ; 28.532 ; 29.127 ; 29.784 ; 30.518 ; 31.329 ; 32.218 ; 33.186 ; 34.247 ;;;; 35.401 ; 36.687 ; 38.068 ; 39.583 ; 41.233 ; 43.018 ; 44.940 ; 47.038 ; 49.312 ; 51.695 ;;;; 54.128 ; 56.615 ; 59.159 ; 61.759 ; 64.419 ; 67.138 ; 69.918 ; 72.761 ; 75.667 ; 78.639 ;;;;;;
Lening bank;;; 24.035 ; 24.035 ; 24.035 ; 24.035 ; 24.035 ; 24.035 ; 24.035 ; 24.035 ; 24.035 ; 24.035 ;; 24.035 ; 24.035 ; 24.035 ; 24.035 ; 23.785 ; 23.535 ; 23.535 ; 23.285 ; 23.035 ; 22.785 ;; 22.535 ; 22.035 ; 21.535 ; 20.785 ; 20.285 ; 19.535 ; 18.785 ; 18.035 ; 17.035 ; 16.035 ;;;; 15.035 ; 13.535 ; 12.535 ; 10.785 ; 9.035 ; 7.285 ; 5.535 ; 3.785 ; 1.285 ; -   ;;;; -   ; -   ; -   ; -   ; -   ; -   ; -   ; -   ; -   ; -   ;;;;;;
;;; 49.189 ; 49.283 ; 49.410 ; 49.569 ; 49.762 ; 49.658 ; 49.581 ; 49.529 ; 49.504 ; 49.506 ;; 49.537 ; 49.596 ; 49.684 ; 49.803 ; 49.702 ; 49.632 ; 49.844 ; 49.839 ; 49.880 ; 49.967 ;; 50.102 ; 50.048 ; 50.067 ; 49.911 ; 50.069 ; 50.052 ; 50.113 ; 50.253 ; 50.221 ; 50.282 ;;;; 50.436 ; 50.222 ; 50.603 ; 50.368 ; 50.267 ; 50.303 ; 50.475 ; 50.823 ; 50.597 ; 51.695 ;;;; 54.128 ; 56.615 ; 59.159 ; 61.759 ; 64.419 ; 67.138 ; 69.918 ; 72.761 ; 75.667 ; 78.639 ;;;;;;
;;;;;;;;;;;;;;;;;;;;;;;;;;;;;;;;;;;;;;;;;;;;;;;;;;;;;;;;;;;;;;;;;;
;;;;;;;;;;;;;;;;;;;;;;;;;;;;;;;;;;;;;;;;;;;;;;;;;;;;;;;;;;;;;;;;;;
;;;;;;;;;;;cum winst; 265 ;;;;;;;;;;;;;;;;;;;;;; 9.092 ;;;;;;;;;;;;;;;;;;;;;;;;;;;;;;;;
;;;;;;;;;;;cum cf; 379 ;;;;;;;;;;;;;;;;;;;;;; -63 ;;;;;;;;;;;;;;;;;;;;;;;;;;;;;;;;
;;;;;;;;;;;; 114 ;;;;;;;;;;;;;;;;;;;;;;;;;;;;;;;;;;;;;;;;;;;;;;;;;;;;;;
;;;;;;;;;;;dum afschrijv; 103 ;;;;;;;;;;;;;;;;;;;;;;;;;;;;;;;;;;;;;;;;;;;;;;;;;;;;;;
;;;;;;;;;;;;;;;;;;;;;;;;;;;;;;;;;;;;;;;;;;;;;;;;;;;;;;;;;;;;;;;;;;
;;;;;;;;;;;; 11 ;;;;;;;;;;;;;;;;;;;;;;;;;;;;;;;;;;;;;;;;;;;;;;;;;;;;;;
